{"cameraMode":{"drawMode":0,"name":"Shaded","section":"Shading Mode"},"sceneLighting":true,"audioPlay":false,"sceneViewState":{"showFog":true,"showMaterialUpdate":false,"showSkybox":false,"showFlares":true,"showImageEffects":true,"showParticleSystems":true},"in2DMode":false,"pivot":{"x":0.01920938491821289,"y":4.431692123413086,"z":-0.033471137285232547},"rotation":{"x":0.1272895485162735,"y":-0.6331828236579895,"z":0.10662230849266052,"w":0.7560349106788635},"size":0.25644737482070925,"orthographic":false}