{"cameraMode":{"drawMode":0,"name":"Shaded","section":"Shading Mode"},"sceneLighting":false,"audioPlay":false,"sceneViewState":{"showFog":true,"showMaterialUpdate":false,"showSkybox":false,"showFlares":true,"showImageEffects":true,"showParticleSystems":true},"in2DMode":false,"pivot":{"x":13.209064483642579,"y":2.828213930130005,"z":-5.28157377243042},"rotation":{"x":0.031091753393411638,"y":0.5419426560401917,"z":-0.021557657048106195,"w":0.8399379849433899},"size":11.683996200561524,"orthographic":false}