{"cameraMode":{"drawMode":0,"name":"Shaded","section":"Shading Mode"},"sceneLighting":false,"audioPlay":false,"sceneViewState":{"showFog":true,"showMaterialUpdate":false,"showSkybox":false,"showFlares":true,"showImageEffects":true,"showParticleSystems":true},"in2DMode":false,"pivot":{"x":2.4367711544036867,"y":0.595741868019104,"z":2.3928308486938478},"rotation":{"x":-0.032647550106048587,"y":-0.9654514193534851,"z":0.15072958171367646,"w":-0.21098124980926515},"size":4.523822784423828,"orthographic":false}