{"cameraMode":{"drawMode":0,"name":"Shaded","section":"Shading Mode"},"sceneLighting":true,"audioPlay":false,"sceneViewState":{"showFog":true,"showMaterialUpdate":false,"showSkybox":true,"showFlares":true,"showImageEffects":true,"showParticleSystems":true},"in2DMode":false,"pivot":{"x":-28.103994369506837,"y":212.8941192626953,"z":768.0794677734375},"rotation":{"x":0.07464917004108429,"y":0.008064362220466137,"z":0.001710129203274846,"w":-0.9977013468742371},"size":510.9585876464844,"orthographic":false}