{"cameraMode":{"drawMode":0,"name":"Shaded","section":"Shading Mode"},"sceneLighting":false,"audioPlay":false,"sceneViewState":{"showFog":true,"showMaterialUpdate":false,"showSkybox":false,"showFlares":true,"showImageEffects":true,"showParticleSystems":true},"in2DMode":false,"pivot":{"x":6.031091213226318,"y":2.3633434772491457,"z":-4.937658786773682},"rotation":{"x":-0.04197978600859642,"y":-0.6178350448608398,"z":0.03446009010076523,"w":-0.7848293781280518},"size":11.683996200561524,"orthographic":false}