{"cameraMode":{"drawMode":0,"name":"Shaded","section":"Shading Mode"},"sceneLighting":false,"audioPlay":false,"sceneViewState":{"showFog":true,"showMaterialUpdate":false,"showSkybox":false,"showFlares":true,"showImageEffects":true,"showParticleSystems":true},"in2DMode":false,"pivot":{"x":-0.3042807877063751,"y":1.599575161933899,"z":5.931823253631592},"rotation":{"x":0.03636730834841728,"y":0.9549189209938049,"z":-0.13922715187072755,"w":0.26180121302604678},"size":3.128619909286499,"orthographic":false}