{"cameraMode":{"drawMode":0,"name":"Shaded","section":"Shading Mode"},"sceneLighting":false,"audioPlay":false,"sceneViewState":{"showFog":true,"showMaterialUpdate":false,"showSkybox":false,"showFlares":true,"showImageEffects":true,"showParticleSystems":true},"in2DMode":false,"pivot":{"x":50.209197998046878,"y":14.610027313232422,"z":-3.758981704711914},"rotation":{"x":0.16860729455947877,"y":-0.14850950241088868,"z":0.025350775569677354,"w":0.9742662310600281},"size":11.51332950592041,"orthographic":false}