{"cameraMode":{"drawMode":0,"name":"Shaded","section":"Shading Mode"},"sceneLighting":true,"audioPlay":false,"sceneViewState":{"showFog":true,"showMaterialUpdate":false,"showSkybox":true,"showFlares":true,"showImageEffects":true,"showParticleSystems":true},"in2DMode":false,"pivot":{"x":58.36079788208008,"y":4.331523895263672,"z":4.755731582641602},"rotation":{"x":0.2056317776441574,"y":0.44050347805023196,"z":-0.10470442473888397,"w":0.867785632610321},"size":19.532468795776368,"orthographic":false}