{"cameraMode":{"drawMode":0,"name":"Shaded","section":"Shading Mode"},"sceneLighting":false,"audioPlay":false,"sceneViewState":{"showFog":true,"showMaterialUpdate":false,"showSkybox":false,"showFlares":true,"showImageEffects":true,"showParticleSystems":true},"in2DMode":false,"pivot":{"x":0.5805911421775818,"y":1.7343677282333375,"z":8.49228572845459},"rotation":{"x":0.0777529776096344,"y":0.708520770072937,"z":-0.081509530544281,"w":0.6974548101425171},"size":3.7286198139190676,"orthographic":false}