{"cameraMode":{"drawMode":0,"name":"Shaded","section":"Shading Mode"},"sceneLighting":false,"audioPlay":false,"sceneViewState":{"showFog":true,"showMaterialUpdate":false,"showSkybox":false,"showFlares":true,"showImageEffects":true,"showParticleSystems":true},"in2DMode":false,"pivot":{"x":3.9767558574676515,"y":2.1970300674438478,"z":0.8019342422485352},"rotation":{"x":-0.08758176118135452,"y":0.3415622413158417,"z":-0.031831808388233188,"w":-0.93534916639328},"size":1.2247449159622193,"orthographic":false}