{"cameraMode":{"drawMode":0,"name":"Shaded","section":"Shading Mode"},"sceneLighting":false,"audioPlay":false,"sceneViewState":{"showFog":true,"showMaterialUpdate":false,"showSkybox":false,"showFlares":true,"showImageEffects":true,"showParticleSystems":true},"in2DMode":false,"pivot":{"x":6.6550211906433109,"y":-1.4310632944107056,"z":-5.295701503753662},"rotation":{"x":-0.04401695728302002,"y":-0.9062528610229492,"z":0.10040520131587982,"w":-0.40903037786483767},"size":11.683996200561524,"orthographic":false}