{"cameraMode":{"drawMode":0,"name":"Shaded","section":"Shading Mode"},"sceneLighting":true,"audioPlay":false,"sceneViewState":{"showFog":true,"showMaterialUpdate":false,"showSkybox":true,"showFlares":true,"showImageEffects":true,"showParticleSystems":true},"in2DMode":false,"pivot":{"x":55.04547119140625,"y":20.7547607421875,"z":-21.736007690429689},"rotation":{"x":-0.10926799476146698,"y":-0.49156856536865237,"z":0.06273311376571655,"w":-0.8618562817573547},"size":2.247102737426758,"orthographic":false}