{"cameraMode":{"drawMode":0,"name":"Shaded","section":"Shading Mode"},"sceneLighting":true,"audioPlay":false,"sceneViewState":{"showFog":true,"showMaterialUpdate":false,"showSkybox":true,"showFlares":true,"showImageEffects":true,"showParticleSystems":true},"in2DMode":false,"pivot":{"x":21.016176223754884,"y":17.537242889404298,"z":-18.74869155883789},"rotation":{"x":0.3158612549304962,"y":0.00017717662558425218,"z":-0.0003914305998478085,"w":0.9489729404449463},"size":17.3256778717041,"orthographic":false}