{"cameraMode":{"drawMode":0,"name":"Shaded","section":"Shading Mode"},"sceneLighting":true,"audioPlay":false,"sceneViewState":{"showFog":true,"showMaterialUpdate":false,"showSkybox":true,"showFlares":true,"showImageEffects":true,"showParticleSystems":true},"in2DMode":false,"pivot":{"x":-32.86931228637695,"y":0.31697067618370058,"z":22.56971549987793},"rotation":{"x":0.027155311778187753,"y":-0.5303477644920349,"z":0.01657433621585369,"w":0.8473849296569824},"size":19.532468795776368,"orthographic":false}