{"cameraMode":{"drawMode":0,"name":"Shaded","section":"Shading Mode"},"sceneLighting":true,"audioPlay":false,"sceneViewState":{"showFog":true,"showMaterialUpdate":false,"showSkybox":true,"showFlares":true,"showImageEffects":true,"showParticleSystems":true},"in2DMode":false,"pivot":{"x":-19.089784622192384,"y":8.226232528686524,"z":-0.7429671287536621},"rotation":{"x":0.11478285491466522,"y":0.7156151533126831,"z":0.12119019031524658,"w":-0.6783922910690308},"size":11.452411651611329,"orthographic":false}