{"cameraMode":{"drawMode":0,"name":"Shaded","section":"Shading Mode"},"sceneLighting":false,"audioPlay":false,"sceneViewState":{"showFog":true,"showMaterialUpdate":false,"showSkybox":false,"showFlares":true,"showImageEffects":true,"showParticleSystems":true},"in2DMode":false,"pivot":{"x":-0.8701159954071045,"y":4.785714626312256,"z":0.853584885597229},"rotation":{"x":-0.07591766119003296,"y":0.7749712467193604,"z":-0.09488499164581299,"w":-0.6203176379203796},"size":1.1892409324645997,"orthographic":false}