{"cameraMode":{"drawMode":0,"name":"Shaded","section":"Shading Mode"},"sceneLighting":true,"audioPlay":false,"sceneViewState":{"showFog":true,"showMaterialUpdate":false,"showSkybox":true,"showFlares":true,"showImageEffects":true,"showParticleSystems":true},"in2DMode":false,"pivot":{"x":26.565515518188478,"y":32.419376373291019,"z":78.60693359375},"rotation":{"x":0.01921418495476246,"y":0.9791702628135681,"z":-0.15905842185020448,"w":0.12912501394748689},"size":10.0,"orthographic":false}