{"cameraMode":{"drawMode":0,"name":"Shaded","section":"Shading Mode"},"sceneLighting":false,"audioPlay":false,"sceneViewState":{"showFog":true,"showMaterialUpdate":false,"showSkybox":false,"showFlares":true,"showImageEffects":true,"showParticleSystems":true},"in2DMode":false,"pivot":{"x":-0.31616148352622988,"y":0.31652337312698367,"z":9.55776309967041},"rotation":{"x":-0.2777971625328064,"y":-0.24266363680362702,"z":0.07314087450504303,"w":-0.9268112182617188},"size":2.723822832107544,"orthographic":false}