{"cameraMode":{"drawMode":0,"name":"Shaded","section":"Shading Mode"},"sceneLighting":false,"audioPlay":false,"sceneViewState":{"showFog":true,"showMaterialUpdate":false,"showSkybox":false,"showFlares":true,"showImageEffects":true,"showParticleSystems":true},"in2DMode":false,"pivot":{"x":-2.988101005554199,"y":8.04370403289795,"z":-0.5013437271118164},"rotation":{"x":-0.07591766119003296,"y":0.7749712467193604,"z":-0.09488499164581299,"w":-0.6203176379203796},"size":29.62458610534668,"orthographic":false}