{"cameraMode":{"drawMode":0,"name":"Shaded","section":"Shading Mode"},"sceneLighting":false,"audioPlay":false,"sceneViewState":{"showFog":true,"showMaterialUpdate":false,"showSkybox":false,"showFlares":true,"showImageEffects":true,"showParticleSystems":true},"in2DMode":false,"pivot":{"x":0.044136643409729007,"y":1.7907707691192628,"z":7.749945163726807},"rotation":{"x":0.32218053936958315,"y":-0.2900943160057068,"z":0.1039951890707016,"w":0.8953074216842651},"size":2.432952642440796,"orthographic":false}