{"cameraMode":{"drawMode":0,"name":"Shaded","section":"Shading Mode"},"sceneLighting":false,"audioPlay":false,"sceneViewState":{"showFog":true,"showMaterialUpdate":false,"showSkybox":false,"showFlares":true,"showImageEffects":true,"showParticleSystems":true},"in2DMode":false,"pivot":{"x":335.82208251953127,"y":278.4151306152344,"z":-20.850482940673829},"rotation":{"x":-0.018769895657896997,"y":0.7310656905174255,"z":-0.01779893785715103,"w":-0.6825662851333618},"size":21.21320343017578,"orthographic":false}