{"cameraMode":{"drawMode":0,"name":"Shaded","section":"Shading Mode"},"sceneLighting":true,"audioPlay":false,"sceneViewState":{"showFog":true,"showMaterialUpdate":false,"showSkybox":true,"showFlares":true,"showImageEffects":true,"showParticleSystems":true},"in2DMode":false,"pivot":{"x":11.585393905639649,"y":13.419693946838379,"z":-90.49600982666016},"rotation":{"x":0.00016716150275897235,"y":-0.9937426447868347,"z":0.11563326418399811,"w":-0.016034426167607309},"size":10.0,"orthographic":false}