{"cameraMode":{"drawMode":0,"name":"Shaded","section":"Shading Mode"},"sceneLighting":true,"audioPlay":false,"sceneViewState":{"showFog":true,"showMaterialUpdate":false,"showSkybox":true,"showFlares":true,"showImageEffects":true,"showParticleSystems":true},"in2DMode":false,"pivot":{"x":2.694359064102173,"y":1.2181872129440308,"z":-141.7303924560547},"rotation":{"x":-0.0017079098615795374,"y":0.999131977558136,"z":-0.01391277089715004,"w":0.048324696719646457},"size":13.101702690124512,"orthographic":false}