{"cameraMode":{"drawMode":0,"name":"Shaded","section":"Shading Mode"},"sceneLighting":true,"audioPlay":false,"sceneViewState":{"showFog":true,"showMaterialUpdate":false,"showSkybox":true,"showFlares":true,"showImageEffects":true,"showParticleSystems":true},"in2DMode":false,"pivot":{"x":6.017984390258789,"y":9.108499526977539,"z":-16.010595321655275},"rotation":{"x":-0.09582901000976563,"y":-0.07125712186098099,"z":0.008396327495574952,"w":-0.9930519461631775},"size":1.8213047981262208,"orthographic":false}