{"cameraMode":{"drawMode":0,"name":"Shaded","section":"Shading Mode"},"sceneLighting":false,"audioPlay":false,"sceneViewState":{"showFog":true,"showMaterialUpdate":false,"showSkybox":false,"showFlares":true,"showImageEffects":true,"showParticleSystems":true},"in2DMode":false,"pivot":{"x":14.381999015808106,"y":8.3339262008667,"z":-6.122067451477051},"rotation":{"x":0.26603204011917117,"y":-0.6592278480529785,"z":0.2682752013206482,"w":0.6506037712097168},"size":12.037368774414063,"orthographic":false}