{"cameraMode":{"drawMode":0,"name":"Shaded","section":"Shading Mode"},"sceneLighting":true,"audioPlay":false,"sceneViewState":{"showFog":true,"showMaterialUpdate":false,"showSkybox":true,"showFlares":true,"showImageEffects":true,"showParticleSystems":true},"in2DMode":false,"pivot":{"x":-4.714929580688477,"y":2.6953892707824709,"z":2.926671028137207},"rotation":{"x":0.029942259192466737,"y":0.8540987968444824,"z":-0.0523703433573246,"w":0.5176942944526672},"size":10.0,"orthographic":false}